[{"model": "core.competition", "pk": 22, "fields": {"data_source_id": 71, "name": "Serie A", "season": 2023, "teams": [452, 459, 465, 447, 449, 457, 461, 460, 466, 454, 451, 463, 462, 456, 448, 450, 464, 455, 453, 458]}}, {"model": "core.competition", "pk": 23, "fields": {"data_source_id": 13, "name": "CONMEBOL Libertadores", "season": 2023, "teams": [495, 502, 472, 475, 459, 465, 479, 477, 471, 503, 492, 499, 482, 490, 486, 457, 487, 493, 485, 476, 496, 454, 451, 463, 470, 474, 478, 448, 483, 491, 488, 501, 473, 500, 481, 504, 489, 484, 450, 469, 468, 467, 497, 494, 505, 480, 498]}}, {"model": "core.competition", "pk": 24, "fields": {"data_source_id": 73, "name": "Copa Do Brasil", "season": 2023, "teams": [523, 528, 452, 540, 571, 514, 459, 465, 560, 515, 447, 551, 449, 526, 541, 512, 533, 529, 516, 519, 543, 575, 534, 561, 507, 544, 508, 545, 457, 461, 511, 460, 466, 568, 576, 525, 454, 451, 574, 463, 462, 456, 564, 572, 448, 546, 552, 520, 517, 535, 565, 553, 563, 524, 547, 570, 536, 532, 450, 548, 518, 510, 555, 464, 537, 566, 542, 569, 521, 522, 455, 453, 530, 538, 506, 556, 567, 562, 558, 539, 557, 573, 577, 549, 458, 513, 509, 554, 550, 531, 527, 559]}}, {"model": "core.team", "pk": 447, "fields": {"data_source_id": 118, "name": "Bahia", "code": "BAH"}}, {"model": "core.team", "pk": 448, "fields": {"data_source_id": 119, "name": "Internacional", "code": "INT"}}, {"model": "core.team", "pk": 449, "fields": {"data_source_id": 120, "name": "Botafogo", "code": "BOT"}}, {"model": "core.team", "pk": 450, "fields": {"data_source_id": 121, "name": "Palmeiras", "code": "PAL"}}, {"model": "core.team", "pk": 451, "fields": {"data_source_id": 124, "name": "Fluminense", "code": "FLU"}}, {"model": "core.team", "pk": 452, "fields": {"data_source_id": 125, "name": "America Mineiro", "code": "AME"}}, {"model": "core.team", "pk": 453, "fields": {"data_source_id": 126, "name": "Sao Paulo", "code": "PAU"}}, {"model": "core.team", "pk": 454, "fields": {"data_source_id": 127, "name": "Flamengo", "code": "FLA"}}, {"model": "core.team", "pk": 455, "fields": {"data_source_id": 128, "name": "Santos", "code": "SAN"}}, {"model": "core.team", "pk": 456, "fields": {"data_source_id": 130, "name": "Gremio", "code": "GRE"}}, {"model": "core.team", "pk": 457, "fields": {"data_source_id": 131, "name": "Corinthians", "code": "COR"}}, {"model": "core.team", "pk": 458, "fields": {"data_source_id": 133, "name": "Vasco DA Gama", "code": "VAS"}}, {"model": "core.team", "pk": 459, "fields": {"data_source_id": 134, "name": "Atletico Paranaense", "code": "ATL"}}, {"model": "core.team", "pk": 460, "fields": {"data_source_id": 135, "name": "Cruzeiro", "code": "CRU"}}, {"model": "core.team", "pk": 461, "fields": {"data_source_id": 147, "name": "Coritiba", "code": "COR"}}, {"model": "core.team", "pk": 462, "fields": {"data_source_id": 151, "name": "Goias", "code": "GOI"}}, {"model": "core.team", "pk": 463, "fields": {"data_source_id": 154, "name": "Fortaleza EC", "code": "FOR"}}, {"model": "core.team", "pk": 464, "fields": {"data_source_id": 794, "name": "RB Bragantino", "code": "BRA"}}, {"model": "core.team", "pk": 465, "fields": {"data_source_id": 1062, "name": "Atletico-MG", "code": "ATL"}}, {"model": "core.team", "pk": 466, "fields": {"data_source_id": 1193, "name": "Cuiaba", "code": "CUI"}}, {"model": "core.team", "pk": 467, "fields": {"data_source_id": 435, "name": "River Plate", "code": "RIV"}}, {"model": "core.team", "pk": 468, "fields": {"data_source_id": 436, "name": "Racing Club", "code": "RAC"}}, {"model": "core.team", "pk": 469, "fields": {"data_source_id": 444, "name": "Patronato", "code": "PAT"}}, {"model": "core.team", "pk": 470, "fields": {"data_source_id": 445, "name": "Huracan", "code": "HUR"}}, {"model": "core.team", "pk": 471, "fields": {"data_source_id": 451, "name": "Boca Juniors", "code": "BOC"}}, {"model": "core.team", "pk": 472, "fields": {"data_source_id": 458, "name": "Argentinos JRS", "code": "ARG"}}, {"model": "core.team", "pk": 473, "fields": {"data_source_id": 1125, "name": "Millonarios", "code": "MIL"}}, {"model": "core.team", "pk": 474, "fields": {"data_source_id": 1128, "name": "Independiente Medellin", "code": "MED"}}, {"model": "core.team", "pk": 475, "fields": {"data_source_id": 1137, "name": "Atletico Nacional", "code": "NAC"}}, {"model": "core.team", "pk": 476, "fields": {"data_source_id": 1150, "name": "El Nacional", "code": "NAC"}}, {"model": "core.team", "pk": 477, "fields": {"data_source_id": 1152, "name": "Barcelona SC", "code": "BAR"}}, {"model": "core.team", "pk": 478, "fields": {"data_source_id": 1153, "name": "Independiente del Valle", "code": "IND"}}, {"model": "core.team", "pk": 479, "fields": {"data_source_id": 1156, "name": "Aucas", "code": null}}, {"model": "core.team", "pk": 480, "fields": {"data_source_id": 1157, "name": "Universidad Catolica", "code": null}}, {"model": "core.team", "pk": 481, "fields": {"data_source_id": 1175, "name": "Nacional Asuncion", "code": "NAC"}}, {"model": "core.team", "pk": 482, "fields": {"data_source_id": 1176, "name": "Cerro Porteno", "code": "CER"}}, {"model": "core.team", "pk": 483, "fields": {"data_source_id": 1179, "name": "Libertad Asuncion", "code": "LIB"}}, {"model": "core.team", "pk": 484, "fields": {"data_source_id": 1182, "name": "Olimpia", "code": "OLI"}}, {"model": "core.team", "pk": 485, "fields": {"data_source_id": 1462, "name": "Deportivo Pereira", "code": "PER"}}, {"model": "core.team", "pk": 486, "fields": {"data_source_id": 2315, "name": "Colo Colo", "code": "COL"}}, {"model": "core.team", "pk": 487, "fields": {"data_source_id": 2316, "name": "Curico Unido", "code": "CUR"}}, {"model": "core.team", "pk": 488, "fields": {"data_source_id": 2336, "name": "Magallanes", "code": "MAG"}}, {"model": "core.team", "pk": 489, "fields": {"data_source_id": 2337, "name": "Nublense", "code": "NUB"}}, {"model": "core.team", "pk": 490, "fields": {"data_source_id": 2356, "name": "Club Nacional", "code": "CLU"}}, {"model": "core.team", "pk": 491, "fields": {"data_source_id": 2358, "name": "Liverpool Montevideo", "code": "LIV"}}, {"model": "core.team", "pk": 492, "fields": {"data_source_id": 2361, "name": "Boston River", "code": null}}, {"model": "core.team", "pk": 493, "fields": {"data_source_id": 2370, "name": "Deportivo Maldonado", "code": null}}, {"model": "core.team", "pk": 494, "fields": {"data_source_id": 2546, "name": "Sporting Cristal", "code": "SPO"}}, {"model": "core.team", "pk": 495, "fields": {"data_source_id": 2553, "name": "Alianza Lima", "code": "LIM"}}, {"model": "core.team", "pk": 496, "fields": {"data_source_id": 2554, "name": "FBC Melgar", "code": "MEL"}}, {"model": "core.team", "pk": 497, "fields": {"data_source_id": 2555, "name": "Sport Huancayo", "code": "SPO"}}, {"model": "core.team", "pk": 498, "fields": {"data_source_id": 2806, "name": "Zamora FC", "code": "ZAM"}}, {"model": "core.team", "pk": 499, "fields": {"data_source_id": 2810, "name": "Carabobo FC", "code": "CAR"}}, {"model": "core.team", "pk": 500, "fields": {"data_source_id": 2811, "name": "Monagas SC", "code": null}}, {"model": "core.team", "pk": 501, "fields": {"data_source_id": 2825, "name": "Metropolitanos FC", "code": null}}, {"model": "core.team", "pk": 502, "fields": {"data_source_id": 3700, "name": "Always Ready", "code": null}}, {"model": "core.team", "pk": 503, "fields": {"data_source_id": 3702, "name": "Bolívar", "code": "BOL"}}, {"model": "core.team", "pk": 504, "fields": {"data_source_id": 3706, "name": "Nacional Potosí", "code": "NAC"}}, {"model": "core.team", "pk": 505, "fields": {"data_source_id": 3711, "name": "The Strongest", "code": "STR"}}, {"model": "core.team", "pk": 506, "fields": {"data_source_id": 123, "name": "Sport Recife", "code": "SPO"}}, {"model": "core.team", "pk": 507, "fields": {"data_source_id": 129, "name": "Ceara", "code": "CEA"}}, {"model": "core.team", "pk": 508, "fields": {"data_source_id": 132, "name": "Chapecoense-sc", "code": "CHA"}}, {"model": "core.team", "pk": 509, "fields": {"data_source_id": 136, "name": "Vitoria", "code": "VIT"}}, {"model": "core.team", "pk": 510, "fields": {"data_source_id": 139, "name": "Ponte Preta", "code": "PON"}}, {"model": "core.team", "pk": 511, "fields": {"data_source_id": 140, "name": "Criciuma", "code": "CRI"}}, {"model": "core.team", "pk": 512, "fields": {"data_source_id": 141, "name": "Brasil DE Pelotas", "code": "GEB"}}, {"model": "core.team", "pk": 513, "fields": {"data_source_id": 142, "name": "Vila Nova", "code": "VIL"}}, {"model": "core.team", "pk": 514, "fields": {"data_source_id": 144, "name": "Atletico Goianiense", "code": "ATL"}}, {"model": "core.team", "pk": 515, "fields": {"data_source_id": 145, "name": "Avai", "code": "AVA"}}, {"model": "core.team", "pk": 516, "fields": {"data_source_id": 146, "name": "CRB", "code": "CRB"}}, {"model": "core.team", "pk": 517, "fields": {"data_source_id": 148, "name": "Londrina", "code": "LON"}}, {"model": "core.team", "pk": 518, "fields": {"data_source_id": 149, "name": "Paysandu", "code": "PAY"}}, {"model": "core.team", "pk": 519, "fields": {"data_source_id": 150, "name": "CSA", "code": "CSA"}}, {"model": "core.team", "pk": 520, "fields": {"data_source_id": 152, "name": "Juventude", "code": "JUV"}}, {"model": "core.team", "pk": 521, "fields": {"data_source_id": 155, "name": "Sampaio Correa", "code": "SAM"}}, {"model": "core.team", "pk": 522, "fields": {"data_source_id": 753, "name": "Santa Cruz", "code": null}}, {"model": "core.team", "pk": 523, "fields": {"data_source_id": 754, "name": "ABC", "code": "ABC"}}, {"model": "core.team", "pk": 524, "fields": {"data_source_id": 755, "name": "Nautico Recife", "code": "NAU"}}, {"model": "core.team", "pk": 525, "fields": {"data_source_id": 1195, "name": "Ferroviario", "code": "FER"}}, {"model": "core.team", "pk": 526, "fields": {"data_source_id": 1197, "name": "Botafogo PB", "code": "BOT"}}, {"model": "core.team", "pk": 527, "fields": {"data_source_id": 1198, "name": "remo", "code": "REM"}}, {"model": "core.team", "pk": 528, "fields": {"data_source_id": 1207, "name": "ASA", "code": "ASA"}}, {"model": "core.team", "pk": 529, "fields": {"data_source_id": 1211, "name": "Brusque", "code": "BRU"}}, {"model": "core.team", "pk": 530, "fields": {"data_source_id": 1218, "name": "Sao Raimundo", "code": null}}, {"model": "core.team", "pk": 531, "fields": {"data_source_id": 1221, "name": "Ypiranga-RS", "code": null}}, {"model": "core.team", "pk": 532, "fields": {"data_source_id": 1223, "name": "Operario-PR", "code": null}}, {"model": "core.team", "pk": 533, "fields": {"data_source_id": 2208, "name": "Brasiliense", "code": "BRA"}}, {"model": "core.team", "pk": 534, "fields": {"data_source_id": 2209, "name": "Campinense", "code": null}}, {"model": "core.team", "pk": 535, "fields": {"data_source_id": 2214, "name": "Manaus FC", "code": null}}, {"model": "core.team", "pk": 536, "fields": {"data_source_id": 2217, "name": "Operario Ferroviario", "code": null}}, {"model": "core.team", "pk": 537, "fields": {"data_source_id": 2219, "name": "Real Desportivo Ariquemes", "code": null}}, {"model": "core.team", "pk": 538, "fields": {"data_source_id": 2224, "name": "Sergipe", "code": "SER"}}, {"model": "core.team", "pk": 539, "fields": {"data_source_id": 2227, "name": "Tombense", "code": "TOM"}}, {"model": "core.team", "pk": 540, "fields": {"data_source_id": 2233, "name": "America-RN", "code": "AME"}}, {"model": "core.team", "pk": 541, "fields": {"data_source_id": 2618, "name": "Botafogo SP", "code": "BOT"}}, {"model": "core.team", "pk": 542, "fields": {"data_source_id": 4857, "name": "Resende", "code": "RES"}}, {"model": "core.team", "pk": 543, "fields": {"data_source_id": 7769, "name": "Caldense", "code": "CAL"}}, {"model": "core.team", "pk": 544, "fields": {"data_source_id": 7771, "name": "Ceilândia", "code": null}}, {"model": "core.team", "pk": 545, "fields": {"data_source_id": 7773, "name": "Cordino", "code": null}}, {"model": "core.team", "pk": 546, "fields": {"data_source_id": 7779, "name": "Ituano", "code": "ITU"}}, {"model": "core.team", "pk": 547, "fields": {"data_source_id": 7782, "name": "Nova Iguaçu", "code": "NOV"}}, {"model": "core.team", "pk": 548, "fields": {"data_source_id": 7784, "name": "Parnahyba", "code": "PAR"}}, {"model": "core.team", "pk": 549, "fields": {"data_source_id": 7788, "name": "União Rondonópolis", "code": null}}, {"model": "core.team", "pk": 550, "fields": {"data_source_id": 7814, "name": "Volta Redonda", "code": "VOL"}}, {"model": "core.team", "pk": 551, "fields": {"data_source_id": 7822, "name": "Bahia de Feira", "code": "BDF"}}, {"model": "core.team", "pk": 552, "fields": {"data_source_id": 7831, "name": "Jacuipense", "code": "JAC"}}, {"model": "core.team", "pk": 553, "fields": {"data_source_id": 7833, "name": "Maringá", "code": "MAR"}}, {"model": "core.team", "pk": 554, "fields": {"data_source_id": 7837, "name": "Vitória ES", "code": null}}, {"model": "core.team", "pk": 555, "fields": {"data_source_id": 7862, "name": "Princesa Solimões", "code": "PRI"}}, {"model": "core.team", "pk": 556, "fields": {"data_source_id": 7865, "name": "São Bernardo", "code": "BER"}}, {"model": "core.team", "pk": 557, "fields": {"data_source_id": 7868, "name": "Trem", "code": null}}, {"model": "core.team", "pk": 558, "fields": {"data_source_id": 7878, "name": "Tocantinópolis", "code": null}}, {"model": "core.team", "pk": 559, "fields": {"data_source_id": 7879, "name": "Águia de Marabá", "code": "AGU"}}, {"model": "core.team", "pk": 560, "fields": {"data_source_id": 9997, "name": "Atlético Alagoinhas", "code": null}}, {"model": "core.team", "pk": 561, "fields": {"data_source_id": 10000, "name": "Caucaia", "code": null}}, {"model": "core.team", "pk": 562, "fields": {"data_source_id": 10004, "name": "São Luiz", "code": "SAO"}}, {"model": "core.team", "pk": 563, "fields": {"data_source_id": 10035, "name": "Marília", "code": null}}, {"model": "core.team", "pk": 564, "fields": {"data_source_id": 10478, "name": "Humaitá", "code": null}}, {"model": "core.team", "pk": 565, "fields": {"data_source_id": 10677, "name": "Marcílio Dias", "code": "MAR"}}, {"model": "core.team", "pk": 566, "fields": {"data_source_id": 10679, "name": "Real Noroeste", "code": null}}, {"model": "core.team", "pk": 567, "fields": {"data_source_id": 10855, "name": "São Francisco", "code": null}}, {"model": "core.team", "pk": 568, "fields": {"data_source_id": 13080, "name": "Democrata GV", "code": null}}, {"model": "core.team", "pk": 569, "fields": {"data_source_id": 13098, "name": "Retrô", "code": null}}, {"model": "core.team", "pk": 570, "fields": {"data_source_id": 13130, "name": "Nova Mutum EC", "code": null}}, {"model": "core.team", "pk": 571, "fields": {"data_source_id": 13975, "name": "Athletic Club", "code": null}}, {"model": "core.team", "pk": 572, "fields": {"data_source_id": 15505, "name": "Iguatu", "code": null}}, {"model": "core.team", "pk": 573, "fields": {"data_source_id": 15611, "name": "Tuna Luso", "code": null}}, {"model": "core.team", "pk": 574, "fields": {"data_source_id": 15617, "name": "Fluminense PI", "code": null}}, {"model": "core.team", "pk": 575, "fields": {"data_source_id": 18272, "name": "Camboriú", "code": null}}, {"model": "core.team", "pk": 576, "fields": {"data_source_id": 18299, "name": "Falcon", "code": null}}, {"model": "core.team", "pk": 577, "fields": {"data_source_id": 18317, "name": "Tuntum", "code": null}}, {"model": "core.guesspool", "pk": 1, "fields": {"created": "2023-05-16T18:25:21.019Z", "modified": "2023-05-16T20:52:00.441Z", "uuid": "197815c5-04cc-4ff2-b946-fd924c6570e3", "name": "Série A 2023", "slug": "serie-a-2023", "owner": 1, "private": false, "new_matches": false, "updated_matches": false, "guessers": [], "competitions": [22], "teams": [], "guesses": []}}, {"model": "core.guesspool", "pk": 2, "fields": {"created": "2023-05-16T18:25:48.420Z", "modified": "2023-05-16T20:51:51.337Z", "uuid": "858f3de1-63b7-472b-9bc1-00b9f8510959", "name": "CONMEBOL Libertadores 2023", "slug": "conmebol-libertadores-2023", "owner": 1, "private": false, "new_matches": false, "updated_matches": false, "guessers": [], "competitions": [23], "teams": [], "guesses": []}}, {"model": "core.guesspool", "pk": 3, "fields": {"created": "2023-05-16T20:50:17.385Z", "modified": "2023-05-16T20:51:44.468Z", "uuid": "3bf6d090-043e-4cc8-ba5e-ff6cd7ffc164", "name": "Copa Do Brasil 2023", "slug": "copa-do-brasil-2023", "owner": 1, "private": false, "new_matches": false, "updated_matches": false, "guessers": [], "competitions": [24], "teams": [], "guesses": []}}]
