[{"model": "core.competition", "pk": 22, "fields": {"data_source_id": 71, "name": "Serie A", "season": 2023, "teams": [452, 459, 465, 447, 449, 457, 461, 460, 466, 454, 451, 463, 462, 456, 448, 450, 464, 455, 453, 458]}}, {"model": "core.competition", "pk": 23, "fields": {"data_source_id": 13, "name": "CONMEBOL Libertadores", "season": 2023, "teams": [495, 502, 472, 475, 459, 465, 479, 477, 471, 503, 492, 499, 482, 490, 486, 457, 487, 493, 485, 476, 496, 454, 451, 463, 470, 474, 478, 448, 483, 491, 488, 501, 473, 500, 481, 504, 489, 484, 450, 469, 468, 467, 497, 494, 505, 480, 498]}}, {"model": "core.team", "pk": 447, "fields": {"data_source_id": 118, "name": "Bahia", "code": "BAH"}}, {"model": "core.team", "pk": 448, "fields": {"data_source_id": 119, "name": "Internacional", "code": "INT"}}, {"model": "core.team", "pk": 449, "fields": {"data_source_id": 120, "name": "Botafogo", "code": "BOT"}}, {"model": "core.team", "pk": 450, "fields": {"data_source_id": 121, "name": "Palmeiras", "code": "PAL"}}, {"model": "core.team", "pk": 451, "fields": {"data_source_id": 124, "name": "Fluminense", "code": "FLU"}}, {"model": "core.team", "pk": 452, "fields": {"data_source_id": 125, "name": "America Mineiro", "code": "AME"}}, {"model": "core.team", "pk": 453, "fields": {"data_source_id": 126, "name": "Sao Paulo", "code": "PAU"}}, {"model": "core.team", "pk": 454, "fields": {"data_source_id": 127, "name": "Flamengo", "code": "FLA"}}, {"model": "core.team", "pk": 455, "fields": {"data_source_id": 128, "name": "Santos", "code": "SAN"}}, {"model": "core.team", "pk": 456, "fields": {"data_source_id": 130, "name": "Gremio", "code": "GRE"}}, {"model": "core.team", "pk": 457, "fields": {"data_source_id": 131, "name": "Corinthians", "code": "COR"}}, {"model": "core.team", "pk": 458, "fields": {"data_source_id": 133, "name": "Vasco DA Gama", "code": "VAS"}}, {"model": "core.team", "pk": 459, "fields": {"data_source_id": 134, "name": "Atletico Paranaense", "code": "ATL"}}, {"model": "core.team", "pk": 460, "fields": {"data_source_id": 135, "name": "Cruzeiro", "code": "CRU"}}, {"model": "core.team", "pk": 461, "fields": {"data_source_id": 147, "name": "Coritiba", "code": "COR"}}, {"model": "core.team", "pk": 462, "fields": {"data_source_id": 151, "name": "Goias", "code": "GOI"}}, {"model": "core.team", "pk": 463, "fields": {"data_source_id": 154, "name": "Fortaleza EC", "code": "FOR"}}, {"model": "core.team", "pk": 464, "fields": {"data_source_id": 794, "name": "RB Bragantino", "code": "BRA"}}, {"model": "core.team", "pk": 465, "fields": {"data_source_id": 1062, "name": "Atletico-MG", "code": "ATL"}}, {"model": "core.team", "pk": 466, "fields": {"data_source_id": 1193, "name": "Cuiaba", "code": "CUI"}}, {"model": "core.team", "pk": 467, "fields": {"data_source_id": 435, "name": "River Plate", "code": "RIV"}}, {"model": "core.team", "pk": 468, "fields": {"data_source_id": 436, "name": "Racing Club", "code": "RAC"}}, {"model": "core.team", "pk": 469, "fields": {"data_source_id": 444, "name": "Patronato", "code": "PAT"}}, {"model": "core.team", "pk": 470, "fields": {"data_source_id": 445, "name": "Huracan", "code": "HUR"}}, {"model": "core.team", "pk": 471, "fields": {"data_source_id": 451, "name": "Boca Juniors", "code": "BOC"}}, {"model": "core.team", "pk": 472, "fields": {"data_source_id": 458, "name": "Argentinos JRS", "code": "ARG"}}, {"model": "core.team", "pk": 473, "fields": {"data_source_id": 1125, "name": "Millonarios", "code": "MIL"}}, {"model": "core.team", "pk": 474, "fields": {"data_source_id": 1128, "name": "Independiente Medellin", "code": "MED"}}, {"model": "core.team", "pk": 475, "fields": {"data_source_id": 1137, "name": "Atletico Nacional", "code": "NAC"}}, {"model": "core.team", "pk": 476, "fields": {"data_source_id": 1150, "name": "El Nacional", "code": "NAC"}}, {"model": "core.team", "pk": 477, "fields": {"data_source_id": 1152, "name": "Barcelona SC", "code": "BAR"}}, {"model": "core.team", "pk": 478, "fields": {"data_source_id": 1153, "name": "Independiente del Valle", "code": "IND"}}, {"model": "core.team", "pk": 479, "fields": {"data_source_id": 1156, "name": "Aucas", "code": null}}, {"model": "core.team", "pk": 480, "fields": {"data_source_id": 1157, "name": "Universidad Catolica", "code": null}}, {"model": "core.team", "pk": 481, "fields": {"data_source_id": 1175, "name": "Nacional Asuncion", "code": "NAC"}}, {"model": "core.team", "pk": 482, "fields": {"data_source_id": 1176, "name": "Cerro Porteno", "code": "CER"}}, {"model": "core.team", "pk": 483, "fields": {"data_source_id": 1179, "name": "Libertad Asuncion", "code": "LIB"}}, {"model": "core.team", "pk": 484, "fields": {"data_source_id": 1182, "name": "Olimpia", "code": "OLI"}}, {"model": "core.team", "pk": 485, "fields": {"data_source_id": 1462, "name": "Deportivo Pereira", "code": "PER"}}, {"model": "core.team", "pk": 486, "fields": {"data_source_id": 2315, "name": "Colo Colo", "code": "COL"}}, {"model": "core.team", "pk": 487, "fields": {"data_source_id": 2316, "name": "Curico Unido", "code": "CUR"}}, {"model": "core.team", "pk": 488, "fields": {"data_source_id": 2336, "name": "Magallanes", "code": "MAG"}}, {"model": "core.team", "pk": 489, "fields": {"data_source_id": 2337, "name": "Nublense", "code": "NUB"}}, {"model": "core.team", "pk": 490, "fields": {"data_source_id": 2356, "name": "Club Nacional", "code": "CLU"}}, {"model": "core.team", "pk": 491, "fields": {"data_source_id": 2358, "name": "Liverpool Montevideo", "code": "LIV"}}, {"model": "core.team", "pk": 492, "fields": {"data_source_id": 2361, "name": "Boston River", "code": null}}, {"model": "core.team", "pk": 493, "fields": {"data_source_id": 2370, "name": "Deportivo Maldonado", "code": null}}, {"model": "core.team", "pk": 494, "fields": {"data_source_id": 2546, "name": "Sporting Cristal", "code": "SPO"}}, {"model": "core.team", "pk": 495, "fields": {"data_source_id": 2553, "name": "Alianza Lima", "code": "LIM"}}, {"model": "core.team", "pk": 496, "fields": {"data_source_id": 2554, "name": "FBC Melgar", "code": "MEL"}}, {"model": "core.team", "pk": 497, "fields": {"data_source_id": 2555, "name": "Sport Huancayo", "code": "SPO"}}, {"model": "core.team", "pk": 498, "fields": {"data_source_id": 2806, "name": "Zamora FC", "code": "ZAM"}}, {"model": "core.team", "pk": 499, "fields": {"data_source_id": 2810, "name": "Carabobo FC", "code": "CAR"}}, {"model": "core.team", "pk": 500, "fields": {"data_source_id": 2811, "name": "Monagas SC", "code": null}}, {"model": "core.team", "pk": 501, "fields": {"data_source_id": 2825, "name": "Metropolitanos FC", "code": null}}, {"model": "core.team", "pk": 502, "fields": {"data_source_id": 3700, "name": "Always Ready", "code": null}}, {"model": "core.team", "pk": 503, "fields": {"data_source_id": 3702, "name": "Bolívar", "code": "BOL"}}, {"model": "core.team", "pk": 504, "fields": {"data_source_id": 3706, "name": "Nacional Potosí", "code": "NAC"}}, {"model": "core.team", "pk": 505, "fields": {"data_source_id": 3711, "name": "The Strongest", "code": "STR"}}, {"model": "core.guesspool", "pk": 1, "fields": {"created": "2023-05-16T15:25:21.019", "modified": "2023-05-16T16:09:31.718", "uuid": "197815c5-04cc-4ff2-b946-fd924c6570e3", "name": "Série A 2023", "slug": "serie-a-2023", "owner": 1, "private": false, "new_matches": false, "updated_matches": false, "guessers": [], "competitions": [22], "teams": [], "guesses": []}}, {"model": "core.guesspool", "pk": 2, "fields": {"created": "2023-05-16T15:25:48.420", "modified": "2023-05-16T16:11:02.926", "uuid": "858f3de1-63b7-472b-9bc1-00b9f8510959", "name": "CONMEBOL Libertadores 2023", "slug": "conmebol-libertadores-2023", "owner": 1, "private": false, "new_matches": false, "updated_matches": false, "guessers": [], "competitions": [23], "teams": [], "guesses": []}}]
